type,lang,lines,pos,snippet_idx
code,bash,"[""keytool -list -v -keystore C:\\Users\\%USERNAME%\\.android\\debug.keystore -alias androiddebugkey -storepass android -keypass android""]",1,1
code,kotlin,"[""import androidx.compose.runtime.getValue"", ""// ..."", ""val navTarget by navVM.navTarget.collectAsState(initial = \""home\"")"", ""// without getValue import:"", ""// Type 'androidx. compose. runtime. State<kotlin. Any?>' has no method 'getValue(Nothing?, KProperty0<*>)', so it cannot serve as a delegate.""]",1,2
code,bash,"[""su -s /bin/bash <user>""]",1,3
code,bash,"[""sudo -E foobar""]",1,4
code,bash,"[""if test -d cisco_bindings; then echo exists; else echo does not; fi""]",1,5
code,,"["".foo"", ""  .bar"", ""  .bar2"", ""  .bar3""]",1,6
code,,"[""body{"", ""  background: black;"", ""}"", ""div{ width: 100px; height: 100px; border: 1px solid white;}"", "".foo{"", ""  width: 80%;"", ""  display: flex;"", ""  position: relative; /* this is crucial! default is `static` _not_ `relative` */"", ""}"", "".bar{"", ""  background: lightgrey;"", ""  position: absolute;"", ""  right: 0;"", ""}""]",2,6
code,css,"[""body{"", ""    max-height: 99vh;"", ""}""]",1,7
code,html,"[""<div id=\""foo\"">"", ""  <p>foo</p>"", ""</div>"", ""<div id=\""bar\"">"", ""  <p>bar</p>"", ""</div>""]",1,8
code,css,"[""#foo{"", ""  position: absolute;"", ""  background: red;"", ""  width: 100px;"", ""  height: 100px;"", ""  left: 50px;"", ""  top: 50px;"", ""  color: black;"", ""  text-align: right;"", ""}"", ""#bar{"", ""  position: absolute;"", ""  background: blue;"", ""  width: 100px;"", ""  height: 100px;"", ""  color: white;"", ""  text-align: right;"", ""  pointer-events: none; /* click + hover are disabled for this */"", ""}""]",2,8
code,typescript,"[""let foo = document.getElementById(\""foo\"") as HTMLElement;"", ""let bar = document.getElementById(\""bar\"") as HTMLElement;"", ""foo.addEventListener(\""mouseover\"", e => console.log(\""foo hover\"")});"", ""foo.addEventListener(\""click\"", e => console.log(\""foo click\"")});"", ""bar.addEventListener(\""mouseover\"", e => console.log(\""bar hover\"")});"", ""bar.addEventListener(\""click\"", e => console.log(\""bar click\"")});""]",3,8
code,css,"[""background:"", ""\tvar(--noise), /* url(\""noise svg here\"") */"", ""\tradial-gradient(circle at center, rgb(255,255,255) 0%, rgba(0,0,0,1) 50%);"", ""background-size: cover;"", ""background-blend-mode: multiply;"", ""mix-blend-mode: screen;""]",1,9
code,bash,"[""cue eval schema.cue --out json""]",1,10
code,bash,"[""curl localhost:3000/workflow -X POST  -H 'Content-Type: application/json' --data-binary \""@data.json\""""]",1,11
code,bash,"[""docker builder prune""]",1,12
code,bash,"[""curl -fsSL https://get.docker.com -o get-docker.sh"", ""sh get-docker.sh"", ""sudo usermod -aG docker $USER"", ""newgrp docker""]",1,13
code,shell,"[""docker ps -a --format \""{{.Names}}\""""]",1,14
code,shell,"[""docker run \\"", ""    ..."", ""    --health-cmd \""set -e;  nc -zv localhost 22; if [ $? -eq 0 ]; then exit 0; else exit 1; fi\"" \\"", ""    --health-interval=10s"", ""    ...""]",1,15
code,bash,"[""# set to working version"", ""DOCKER_API_VERSION=1.41""]",1,17
code,bash,"[""docker ps --format \""{{printf \\\""%-30s %-20s\\\"" .Names .Status}}\""""]",1,19
code,bash,"[""watch 'docker ps --format \""{{printf \\\""%-30s %-20s\\\"" .Names .Status}}\""'""]",2,19
code,bash,"[""git config --global user.email \""you@example.com\"""", ""git config --global user.name \""Your Name\""""]",1,20
code,bash,"[""git config --global credential.helper cache"", ""git config --local credential.helper cache"", ""git config --global --unset credential.helper""]",1,21
code,bash,"[""git clone https://bitbucket.org/<repo>.git --config credential.helper=""]",1,22
code,golang,"[""(func(args... interface{}){})(scrape_cpu, scrape_hostname)""]",1,23
code,golang,"[""go fmt ./...""]",2,23
code,go,"[""type Person struct {"", ""  Name string"", ""}"", ""func (p *Person) Talk() {"", ""  fmt.Println(\""Hi, my name is\"", p.Name)"", ""}"", ""type Android struct {"", ""  Person // Android is also type Person!"", ""  Model string"", ""}"", ""a := new(Android)"", ""a.Person.Talk()"", ""a.Talk() // polymorphism!""]",1,24
text,,"[""  - sync.RWLock()\n""]",1,25
text,,"[""  - sync.Once\n""]",2,25
code,go,"[""var Foo string"", ""// runs like package constructor"", ""func init(){"", ""    Foo = \""foobar\"""", ""}""]",1,26
code,go,"[""func getLastLetterRecursivley(word string) {"", ""    type rFunc func(string, rFunc) // <- allows recursive function to be defined"", ""    var f rFunc = func(word string, f rFunc) {"", ""        if len(word) == 1 {"", ""            fmt.Println(\""Last character is:\"", word)"", ""            return"", ""        }"", ""        f(word[len(word) - 1: ], f)"", ""        return"", ""    }"", ""    go f(x, f)"", ""    for {} // keep function running to we can still print"", ""}""]",1,27
code,go,"[""type StringOrInt interface{"", ""\tstring | int"", ""}"", ""func main() {"", ""\t{"", ""\t\tvar x = foo[int]()"", ""\t\tfmt.Println(x)"", ""\t}"", ""\t{"", ""\t\tvar x = foo[string]()"", ""\t\tfmt.Println(x)"", ""\t}"", ""\t{"", ""\t\tvar x = foo[bool]() // err"", ""\t\tfmt.Println(x)"", ""\t}"", ""}"", ""func foo[T StringOrInt]() []T {"", ""\tvar x T"", ""\treturn []T{x}"", ""}""]",1,28
code,golang,"[""value, exists := foo[\""bar\""]"", ""if (!exists) {}""]",1,30
code,bash,"[""# https://go.dev/doc/install"", ""wget <tar_from_https://go.dev/doc/install>"", ""rm -rf /usr/local/go && tar -C /usr/local -xzf go1.20.3.linux-amd64.tar.gz"", ""sudo ln -s /usr/local/go/bin/go /usr/bin/go"", ""#sudo rm -rf /usr/local/go && sudo tar -C /usr/local -xzf go1.20.3.linux-amd64.tar.gz""]",1,31
code,bash,"[""kubectl rollout restart deployment/core-service  -n osna""]",1,33
code,kotlin,"[""// typescript -> if (isTypeFoo()) doFooStuf()"", ""// kotlin:"", ""foo?.let { doFooStuff() }""]",1,34
code,json,"[""{"", ""    \""version\"": \""2.0.0\"","", ""    \""tasks\"": ["", ""        {"", ""            \""label\"": \""Build Kotlin File with Kotlinc\"","", ""            \""type\"": \""shell\"","", ""            \""command\"": \""kotlinc ${file} -include-runtime -d ${fileBasenameNoExtension}.jar\"","", ""            \""group\"": {"", ""                \""kind\"": \""build\"","", ""                \""isDefault\"":  \""**/*.kt\"""", ""            },"", ""            \""problemMatcher\"": [],"", ""            \""windows\"": {"", ""                \""command\"": \""kotlinc ${file} -include-runtime -d ${fileBasenameNoExtension}.jar\"""", ""            },"", ""            \""presentation\"": {"", ""                \""echo\"": true,"", ""                \""reveal\"": \""always\"","", ""                \""focus\"": false,"", ""                \""panel\"": \""shared\"""", ""            }"", ""        },"", ""        {"", ""            \""label\"": \""Build Kotiln Gradle project\"","", ""            \""type\"": \""shell\"","", ""            \""command\"": \""IF EXIST gradlew.bat (gradlew build -x test) ELSE (echo 'gradlew.bat not found in the project root' && exit /b 1)\"","", ""            \""options\"": {"", ""                \""cwd\"": \""${workspaceFolder}\"""", ""            },"", ""            \""problemMatcher\"": [],"", ""            \""group\"": {"", ""                \""kind\"": \""build\"","", ""                \""isDefault\"": false"", ""            }"", ""        },"", ""        {"", ""            \""label\"": \""Run Kotiln Gradle project\"","", ""            \""type\"": \""shell\"","", ""            \""command\"": \""IF EXIST gradlew.bat (gradlew  run) ELSE (echo 'gradlew.bat not found in the project root' && exit /b 1)\"","", ""            \""options\"": {"", ""                \""cwd\"": \""${workspaceFolder}\"""", ""            },"", ""            \""problemMatcher\"": [],"", ""            \""group\"":{"", ""                \""kind\"": \""run\"""", ""            }"", ""        }"", ""    ]"", ""}""]",1,35
code,,"[""https://superuser.com/a/156215"", ""x - extract files"", ""c - create archive"", ""t - list files"", ""v - verbose (list files as it processes them)"", ""j - use bz2 compression"", ""z - use gz compression"", ""f - read or write files to disk"", ""Examples"", ""Uncompress a tar.gz file: tar zxf tarball.tar.gz"", ""Uncompress a tar.bz2 file: tar jxf tarball.tar.bz2"", ""Create a tar.gz file: tar zcvf tarvall.tar.gz mydir/*""]",1,36
code,bash,"[""jobs"", ""> [1]+  Running                 poetry run main &"", ""kill -9 %1"", ""> [1]+  Killed                  poetry run main""]",1,37
code,bash,"[""# view jobs"", ""jobs"", ""# send job to background and stop"", ""ctrl  + z"", ""# resume background job"", ""bg [job id]"", ""# switch to job"", ""fg [job id]"", ""# run command as background job"", ""tail -f log.txt &""]",1,38
code,bash,"[""cd -P ./sym-link-dir""]",1,39
code,bash,"[""sudo netstat -tunlp""]",1,40
code,bash,"[""stat -c %a foo.txt""]",1,41
text,,"[""hide error in dev tools window\n""]",1,42
code,,"[""-net::ERR_BLOCKED_BY_CLIENT""]",2,42
code,typescript,"[""x&1 ^ y&1 ? true : false"", ""/***"", ""x&1 -> odd or even row/column"", ""y&1 -> odd of even square"", ""x&1 0 0 1 1"", ""y&1 0 1 0 1"", ""XOR 0 1 1 0"", ""the first cell of an odd row, must be the same as the first cell of an even row, for a chequered pattern."", ""0 1 0 1"", ""1 0 1 0"", ""***/""]",1,43
code,bash,"[""sudo apt-get update"", ""sudo apt-get install -y ca-certificates curl gnupg"", ""sudo mkdir -p /etc/apt/keyrings"", ""curl -fsSL https://deb.nodesource.com/gpgkey/nodesource-repo.gpg.key | sudo gpg --dearmor -o /etc/apt/keyrings/nodesource.gpg"", ""sudo chmod 644 /etc/apt/keyrings/nodesource.gpg"", ""sudo apt-get update"", ""sudo apt-get install nodejs -y"", ""sudo npm install -g typescript"", ""sudo chwon ubuntu -R /usr/lib/node_modules/typescript"", ""sudo chwon ubuntu /usr/lib/node_modules/typescript""]",1,44
code,bash,"[""wget -O vscode_cli.tar.gz 'https://code.visualstudio.com/sha/download?build=stable&os=cli-alpine-x64' && tar -xzf vscode_cli.tar.gz -C /opt"", ""chmod +x /opt/code"", ""cd opt"", ""./code tunnel"", ""# install Microsoft: Tunnels"", ""# Remote-Tunnels: Connect to Tunnel""]",1,46
text,,"[""- `fs.readdir` is NOT blocking; use `fs.readdirSync` instead\n""]",1,47
code,,"[""npx tsc""]",1,48
text,,"[""- sometimes when using Node interactive, it might not be able to find global packages. hence it's necessary to set NODE_PATH\n""]",1,49
code,bash,"[""export NODE_PATH=$(npm root --quiet -g)""]",2,49
code,,"[""/home/node/app/node_modules/.bin""]",1,50
code,bash,"[""# get current deployment config"", ""kubectl get deployment osnal2 n osna -o yaml > deployment.yaml"", ""# patch deployment"", ""kubectl apply -f  deployment.yaml"", ""# push to pod"", ""kubectl cp \""/home/ubuntu/osna/osna-l2-main/osna-l2/producer.py\"" \""osna/osnal2-f458bd694-hl4tj:/app\"""", ""kubectl cp \""/home/ubuntu/osna/osna-l2-main/osna-l2\"" \""osna/$(kubectl get pods | grep l2 | awk '{print $1}'):/app\"""", ""# kill all BASH processes except current"", ""ps -C bash -o pid= | grep -v \""^ *$$\"" | xargs kill -9"", ""# poetry image"", ""## Dockerfile"", ""from python:3.11-slim"", ""env PATH=\""/root/.local/bin:${PATH}\"""", ""run bash -c \""pip install --user pipx && \\"", ""    pipx ensurepath && \\"", ""    pipx completions && \\"", ""    pipx install poetry\"""", ""## docker-compose.yaml"", ""services:"", ""  python-poetry:"", ""    build:"", ""      context: ."", ""      dockerfile: Dockerfile"", ""    image: python-poetry:latest""]",1,51
code,python,"[""def loading_dots2(end_event: Event, sleep_duration: float = 1 / 4):"", ""    animation = cycle([\""|\"", \""/\"", \""-\"", \""\\\\\""])"", ""    hide_cursor = \""\\033[?25l\"""", ""    show_cursor = \""\\033[?25h\"""", ""    clear_line = \""\\r\\033[K\"""", ""    cursor_to_start_of_line = \""\\r\"""", ""    sys.stdout.write(hide_cursor)"", ""    sys.stdout.flush()"", ""    try:"", ""        while not end_event.is_set():"", ""            sys.stdout.write(hide_cursor)"", ""            sys.stdout.write(clear_line)"", ""            sys.stdout.write(next(animation))"", ""            sys.stdout.write(cursor_to_start_of_line)"", ""            sys.stdout.flush()"", ""            time.sleep(sleep_duration)"", ""    except KeyboardInterrupt:"", ""        pass"", ""    finally:"", ""        sys.stdout.write(clear_line)"", ""        # sys.stdout.write(show_cursor)"", ""        sys.stdout.flush()""]",1,53
text,,"[""- https://medium.com/@pouyahallaj/introduction-1616b3a4a637\n""]",1,54
code,python,"[""from typing import cast"", ""a: str | None = \""foo\"""", ""b: str = cast(str, a)""]",1,55
code,python,"[""f\""{[f'{(s:=sleep_duration)} second', f'{(m:=sleep_duration//60)} minute'][s>=60] + 's'[:m>1 or (s> 1 and m < 1)]}\""""]",1,56
code,python,"[""def foo() -> \""SomeClass\"":"", ""    ...""]",1,58
code,python,"[""mock_workflow_mocker.proxy_configure_mock = types.MethodType(proxy_configure_mock, mock_workflow_mocker)""]",1,59
code,python,"[""from typing import Self"", ""def foo(self) -> Self:"", ""    return self""]",1,60
text,,"[""1. ***never*** define top level variables, which at any point require connectivity (ssh, http, etc...). keep them dumb.\n""]",1,61
text,,"[""2. try consolidate all networking functionality into a class which deals with its lifecycle. make a getter that returns connection objects\n""]",2,61
code,python,"[""def get_netbox() -> api:"", ""  global nb"", ""  return nb if nb else setup_nb()""]",3,61
code,python,"[""with stdout_lock or nullcontext():"", ""    logger.info(f\""Polled {hostname} successfully\"")""]",1,62
code,python,"[""class A:"", ""    def __init__(self):"", ""        print(\""A.__init__\"")"", ""class B:"", ""    def __init__(self):"", ""        print(\""B.__init__\"")"", ""class AB(A, B): ..."", ""ab = AB()"", ""# > A.__init__""]",1,63
code,python,"[""    children_list = ["", ""        *list(mock_netbox._mock_children.items())"", ""    ]"", ""    all_children_mocks = []"", ""    # import ipdb; ipdb.set_trace()"", ""    while children_list:"", ""        children = children_list.pop()"", ""        print(children)"", ""        all_children_mocks.append(children)"", ""        if (c:=list(children)[1]._mock_children.items()):"", ""            for child in c:"", ""                children_list.append(list(child))""]",1,64
code,python,"[""# foo.py"", ""import foo.bar"", ""foo.bar.foobar()""]",1,65
code,bash,"[""monkeytype run foo.py"", ""..."", ""monkeytype apply foo.bar""]",2,65
code,python,"[""import ipdb"", ""ipdb.set_trace()""]",1,66
code,python,"[""import sys"", ""from unittest.mock import MagicMock"", ""mod = None"", ""missing_mod = False"", ""while missing_mod:"", ""    if mod:"", ""        print(\""Adding: \"" + mod)"", ""        sys.modules[mod] = MagicMock()"", ""        mod = False"", ""    try:"", ""        # import lines go here"", ""    except ModuleNotFoundError as e:"", ""        mod = e.msg.split(\"" \"")[3].translate(str.maketrans('','','\"";\\''))"", ""        print(\""Missing: \"" + mod)"", ""        missing_mod = True"", ""        # input(\""> \"")"", ""# sys.exit(0)"", ""# resume rest of the code""]",1,67
code,python,"[""if __name__ == \""__main__\"":"", ""    clean_up_loop = False"", ""    loop = asyncio.get_event_loop()"", ""    try:"", ""        loop.run_until_complete(run())"", ""    except Exception:"", ""        clean_up_loop = True"", ""        pass"", ""    finally:"", ""        async def close_sessions_and_consumers():"", ""            for k in kafka.CONSUMERS:"", ""                await k.stop()"", ""            await kafka.SESSION.close()"", ""        loop.run_until_complete(close_sessions_and_consumers())"", ""        if clean_up_loop:"", ""            pending = asyncio.all_tasks()"", ""            for task in pending:"", ""                task.cancel()"", ""            loop.run_until_complete(asyncio.gather(*pending, return_exceptions=True))"", ""            loop.stop()"", ""            loop.close()""]",1,68
code,python,"[""from typing import List"", ""class Foo()"", ""    static_field: List[int] = []"", ""    def __init__(self, i: int):"", ""        self.static_field.append(i)"", ""    def getList(self) -> List[int]:"", ""        return self.static_field"", ""a = Foo(1)"", ""b = Foo(999)"", ""print (a.getList())"", ""print (b.getList())"", ""'''"", ""[1, 999]"", ""[1, 999]"", ""'''""]",1,69
text,,"[""- https://testdriven.io/tips/94ca0d2c-4c0d-4b8f-9762-6daa11d504f7/\n""]",1,70
text,,"[""- `functools.singledispatch` only dispatches on the type of the first argument.\n""]",1,71
code,python,"[""from functools import singledispatch"", ""@singledispatch"", ""def func(arg):"", ""    print(f\""Default: {arg}\"")"", ""@func.register(int)"", ""def _(arg):"", ""    print(f\""Integer: {arg}\"")"", ""@func.register(str)"", ""def _(arg):"", ""    print(f\""String: {arg}\"")"", ""func(1)        # Output: Integer: 1"", ""func('hello')  # Output: String: hello""]",2,71
code,python,"[""interface[\""name\""].startswith((\""ge\"", \""xe\"", \""ae\"", \""et\""))""]",1,72
code,python,"[""def b():"", ""    print(\""Running function: b\"")"", ""def a():"", ""    print(\""Running function: a\"")"", ""def main():"", ""    return_a = a()"", ""    return_b = b()"", ""    print(f\""{return_a=}, {return_b=}\"")"", ""@patch(\""__main__.b\"")  # <- Second parameter to `mock`"", ""@patch(\""__main__.a\"")  # <- First parameter to `mock`"", ""def mock(a: MagicMock, b: MagicMock,):"", ""    a.return_value = \""mocked a\"""", ""    b.return_value = \""mocked b\"""", ""    main()"", ""mock()"", ""'''"", "" > return_a='mocked a', return_b='mocked b'"", ""'''"", ""################"", ""@patch(\""__main__.a\"")"", ""@patch(\""__main__.b\"")  # <- First parameter, mismatched with naming it parameter 'a;MagicMock'"", ""def mock(a: MagicMock, b: MagicMock,):"", ""    a.return_value = \""mocked a\"""", ""    b.return_value = \""mocked b\"""", ""    main()"", ""'''"", ""> return_a='mocked b', return_b='mocked a'"", ""         ^         ^"", ""    mocked with wrong value"", ""'''""]",1,73
code,python,"[""logger = logging.getLogger(\""foo\"")"", ""rh = RichHandler(show_level=True, show_path=True,"", ""                        markup=True, rich_tracebacks=True)"", ""logger.handlers = [rh]"", ""logger.propagate = False""]",1,74
text,,"[""- https://stackoverflow.com/a/74080156\n""]",1,75
code,bash,"[""poetry new <project name>"", ""cd <project name>"", ""poetry lock"", ""poetry add [list of packages to add]"", ""poetry add --editable <path to editable another python repo>"", ""poetry install # this actually installs the packages into site_packages in a new venv"", ""poetry shell # activate python venv"", ""python3 main.py"", ""exit""]",1,77
code,bash,"[""# poetry.toml"", ""[virtualenvs]"", ""in-project = true"", ""# OR"", ""# locally"", ""poetry config virtualenvs.in-project true --local"", ""# OR"", ""# globally"", ""poetry config virtualenvs.in-project true""]",1,78
code,python,"[""# test.py"", ""@pytest.mark.solo"", ""def test_solo(mocker):"", ""    pass""]",1,80
code,,"[""# pytest.ini"", ""[pytest]"", ""markers ="", ""    solo: mark a test as a solo test""]",2,80
code,bash,"[""pytest -m solo""]",3,80
code,bash,"[""pytest -s ./tests/test_exception_handlers.py::test_exception_handler""]",1,81
code,bash,"[""mypy foo.py > mypy.txt; sed -i -e note:/d' -e '/of \""Logger\""/d' -e '/\\[import-untyped\\]/d' mypy.txt; less mypy.txt""]",1,83
code,python,"[""import logging"", ""fooLogger = logging.getLogget(\""foo\"")"", ""def foo():"", ""    try:"", ""        raise Exception(\""foo error\"")"", ""    except Exception as e:"", ""        fooLogger.exception(e)""]",1,85
code,python,"[""try:"", ""    foo()"", ""except (Exception, KeyboardInterrupt) as e:"", ""    if isinstance(e, KeyboardInterrupt):"", ""        print('KeyboardInterrupt')"", ""    else:"", ""        pass""]",1,86
text,,"[""- error handling in decorators can be difficult. is there is a try block inside the decorator, and the calling function was passed with incorrect parameters, the traceback only show the try block inside the decorator. the calling function, which called the decorated function with wrong parameters, will not be shown.\n""]",1,87
code,python,"[""1\timport logging"", ""2\tfrom abc import ABC"", ""3\timport functools"", ""4\tfrom typing import Callable, TypeVar, ParamSpec, Any"", ""5\tP = ParamSpec(\""P\"")"", ""6\tT = TypeVar(\""T\"")"", ""7\tlogging.basicConfig(level=logging.DEBUG)"", ""8\tdef calling_function():"", ""9\t    decorator(a=2) # decorator will call `foo`` with wrong parameters, but the main invoker is this function"", ""10"", ""11\tdef decorator(*args, **kwargs):"", ""12\t    try:"", ""13\t        foo(*args, **kwargs)"", ""14\t    except Exception:"", ""15\t        # the traceback will be printed here, but it will not show that `calling_function` passed the values to `decorator`"", ""16\t        logging.exception(\""An error occurred\"")"", ""17\tdef foo():"", ""18\t    pass"", ""19\tcalling_function()""]",1,88
text,,"[""- correct way to error handle an **async** Task, scheduled with `asyncio.create_task`. don't use `asyncio.add_done_callback(cb)` because it will not  properly capture the traceback when getting the error with `def cb(task): ... task.exception()`(for some reason idk)\n""]",1,89
code,python,"[""t: Task = asyncio.create_task(foo())"", ""# for async tasks only because non-async tasks just crash the whole event loop"", ""async def foo():"", ""  # use try/except here to error handle"", ""  try:"", ""    function_that_errors()"", ""  except Exception as e:"", ""    logging.exception(e)""]",2,89
code,bash,"[""sudo apt-get install -y make build-essential libssl-dev zlib1g-dev libbz2-dev libreadline-dev libsqlite3-dev wget curl llvm libncurses5-dev libncursesw5-dev xz-utils tk-dev libffi-dev liblzma-dev python3-openssl git libgdbm-dev libnss3-dev"", ""pyenv install 3.11""]",1,91
code,bash,"[""> pyenv versions"", ""  system"", ""* 3.11.9 (set by /root/.pyenv/version)"", ""> pyenv global 3.11.9""]",1,92
code,bash,"[""apt-get install locales"", ""localedef -i en_US -f UTF-8 en_US.UTF-8"", ""apt install curl"", ""curl https://pyenv.run |"", ""for file in .bash_profile .profile .bashrc; do"", ""    echo 'export PYENV_ROOT=\""$HOME/.pyenv\""' >> ~/$file"", ""    echo '[[ -d $PYENV_ROOT/bin ]] && export PATH=\""$PYENV_ROOT/bin:$PATH\""' >> ~/$file"", ""    echo 'eval \""$(pyenv init -)\""' >> ~/$file"", ""done"", ""echo 'eval \""$(pyenv virtualenv-init -)\""' >> ~/.bashrc"", ""apt-get install -y make build-essential libssl-dev zlib1g-dev libbz2-dev libreadline-dev libsqlite3-dev wget curl llvm libncurses5-dev libncursesw5-dev xz-utils tk-dev libffi-dev liblzma-dev python3-openssl git libgdbm-dev libnss3-dev"", ""pyenv install 3.11"", ""# restart shell"", ""bash"", ""pyenv global 3.11.9"", ""python -m pip install --user pipx"", ""python -m pipx ensurepath"", ""python -m pipx completions"", ""eval \""$(register-python-argcomplete pipx)\"""", ""# restart shell"", ""bash"", ""pipx install poetry""]",1,93
code,python,"[""async def SSEStream(request: HttpRequest):"", ""    async def stream():"", ""        _cached_count = None"", ""        while True:"", ""            _cached_count = count"", ""            yield ("", ""                'event: event name'"", ""                '\\n'"", ""                f'data: data'"", ""                '\\n\\n' # <- must be 2 new lines to end a message"", ""            )"", ""        await sleep(1.0)"", ""    return StreamingHttpResponse(stream(), content_type='text/event-stream')"", ""# usage: urls.py"", ""urlpatterns =  [path('stream', SSEStream, name='stream')]""]",1,95
code,python,"[""# channels example"", ""$ python3 manage.py shell"", ""import channels.layers"", ""channel_layer = channels.layers.get_channel_layer()"", ""from asgiref.sync import async_to_sync"", ""async_to_sync(channel_layer.send)('test_channel', {'type': 'hello'})"", ""async_to_sync(channel_layer.receive)('test_channel')"", ""{'type': 'hello'}""]",1,96
code,bash,"[""poetry add -D black ruff pylint isort"", ""set FILE=config.py && isort %FILE%  && black %FILE% && ruff check %FILE% --fix  && mypy %FILE%""]",1,97
code,python,"[""import logging"", ""from rich.logging import RichHandler"", ""logging.basicConfig(level=logging.INFO)"", ""logger = logging.getLogger(\""app\"")"", ""logger.handlers = [RichHandler(rich_tracebacks=True)]"", ""logger.level = logging.DEBUG"", ""logger.propagate = False""]",1,98
text,,"[""- https://ianhopkinson.org.uk/2022/02/understanding-setup-py-setup-cfg-and-pyproject-toml-in-python/\n""]",1,99
code,,"[""├── README"", ""├── pyproject.toml"", ""├── setup.py"", ""└── src"", ""    └── foobar"", ""        └── __init__.py""]",2,99
code,,"[""[build-system]"", ""requires = [\""setuptools>=61.0\""]"", ""build-backend = \""setuptools.build_meta\""""]",1,100
code,python,"[""#! /usr/bin/env python"", ""from setuptools import setup"", ""if __name__ == \""__main__\"":"", ""    setup()""]",1,101
code,bash,"[""pip install --editable ."", ""pip install -e .""]",1,102
code,bash,"[""redis-cli""]",1,103
code,bash,"[""keys *""]",1,104
code,bash,"[""xrange <key> - +""]",1,105
code,bash,"[""#             < query >"", ""redis-cli keys rq:res* | awk '{print $1}' | xargs redis-cli del""]",1,106
code,rust,"[""// https://ntietz.com/blog/rust-references-vs-pointers/"", ""fn main() {"", ""    let x: u32 = 10;"", ""    let ref_x: &u32 = &x;"", ""    let pointer_x: *const u32 = &x;"", ""    println!(\""x: {x}\"");"", ""    println!(\""ref_x: {}\"", ref_x);"", ""    println!(\""pointer_x: {:?}\"", pointer_x);"", ""}""]",1,107
code,bash,"[""ls /run/service/""]",1,108
code,bash,"[""s6-svc -r /run/service/svc-openssh-server""]",1,109
code,bash,"[""# apt install pipx"", ""# pipx install sqlfluff"", ""sqlfluff lint --dialect postgres schema.ql""]",1,110
code,js,"[""var html_to_insert = \""<p>New paragraph</p>\"";"", ""// with .innerHTML, destroys event listeners"", ""document.getElementById('mydiv').innerHTML += html_to_insert;"", ""// with .insertAdjacentHTML, preserves event listeners"", ""document.getElementById('mydiv').insertAdjacentHTML('beforeend', html_to_insert);""]",1,111
text,,"[""- using `filter` encapsulates a `position:fixed` object in a block, making its position **relative** to that invisible block, and **not relative to the window**\"",\n""]",1,112
text,,"[""- https://stackoverflow.com/a/52937920\n""]",2,112
code,bash,"[""npm create vite@latest"", ""npm i --save-dev @tsconfig/svelte"", ""./tsconfig.node.json: $.compilerOptions.noEmit > $.compilerOptions.emitDeclarationOnly // https://stackoverflow.com/a/77369498""]",1,113
code,svelte,"[""{@const square: Piece | Empty = g.get(...}"", ""{@const marked = !isPiece(square) ? square.is_marked() : null}"", ""<div class=\""{marked ? 'marked' : null}\""></div>""]",1,114
code,bash,"[""# run in project"", ""npx sv add vitest"", ""mv test src/""]",1,115
code,,"[""        new window - CTRL + b + c"", ""     switch window - CTRL + b + [0-9]+"", ""  vertical split | - CTRL + b + %"", "" horizonal split _ - CTRL + b + \"""", ""   navigate panels - CTRL + b + ↑ / ↓ / ← / →""]",1,116
code,,"[""CTRL + B + ,""]",1,118
code,,"[""CTRL + B + :"", ""select-pane -T <PANE NAME>""]",1,119
code,,"[""CTRL + b + d""]",1,121
code,bash,"[""tmux a""]",1,122
code,json,"[""{"", ""    \""compilerOptions\"": {"", ""        \""target\"": \""ES2017\"","", ""        \""module\"": \""ES6\"","", ""        \""outDir\"": \"".\"", // <- creates JS for all TS in the pwd"", ""        \""rootDir\"": \"".\"","", ""        \""sourceMap\"": false,"", ""        \""noEmit\"": false"", ""    }"", ""}""]",1,123
code,ts,"[""// order.ts"", ""import { create_toast, show_toast } from \""./utils.js\""  // <- use \"".js\"" instead of no extension like normal ts modules"", ""..."", ""// util.ts"", ""document.addEventListener(\""DOMContentLoaded\"", function (e) {  // <- this works just fine!"", ""    // blah blah"", ""});""]",2,123
text,,"[""- https://gist.github.com/khansgithub/c7a6bfca57631a4c45e2c75b7b5f881e#transpile-multile-ts-files\n""]",3,123
code,typescript,"[""/***"", ""app/"", ""    - tsconfig.json"", ""    src/"", ""        - index.ts"", ""        - front/"", ""            - tsconfig.json"", ""            - foo.ts"", ""***/"", ""// app/src/tsconfig.json"", ""{"", ""    \""compilerOptions\"": {"", ""        \""noEmit\"": true"", ""    },"", ""    \""include\"": [\""./src/**/*.ts\""],"", ""    \""exclude\"": [\""**/node_modules/*\"", \""./src/front/**/*\""]"", ""}"", ""// app/src/front/tsconfig.json"", ""{"", ""    \""compilerOptions\"": {"", ""        \""noEmit\"": false"", ""    },"", ""    \""include\"": [\""*.ts\""],"", ""    \""exclude\"": [] // <- this was important!"", ""}"", ""// tsc with build option from /app/"", ""tsc -b . ./src/front""]",1,124
code,javascript,"[""// /package.json"", ""{"", ""    \""scripts\"": {"", ""        \""start\"": \""nodemon ./src/index.ts\"""", ""    },"", ""    \""nodemonConfig\"": {"", ""        \""exec\"": \""tsc && ts-node .\"","", ""        \""ext\"": \""ts\"""", ""    }"", ""}"", ""// /src/tsconfig.json"", ""{"", ""    ..."", ""    \""include\"": [\""./src/frontend/foobar.ts\""]"", ""}"", ""// /src/frontend/tsconfig.json"", ""{"", ""    \""compilerOptions\"": {"", ""        \""module\"": \""ES6\"","", ""        \""target\"": \""ES2017\"","", ""        \""outFile\"": \""./foobar.js\"","", ""        \""rootDir\"": \"".\"","", ""        \""sourceMap\"": true,"", ""        \""noEmit\"": false"", ""    }"", ""}""]",2,124
code,typescript,"[""function identify<Type>(arg: unknown, field: string): arg is Type {"", ""    return (arg as any)[field] !== undefined;"", ""}"", ""identify<Piece>(square, \""piece_type\"")""]",1,125
code,typescript,"[""class Foo{"", ""    public foobar = function(this: Bar){"", ""        this.print_bar() // ts understands `this` is typeof Bar"", ""    }.bind(new Bar())"", ""}"", ""const foo = new Foo()"", ""foo.foobar()"", ""// -> \""bar\""""]",1,126
code,typescript,"[""// launch.json"", ""{"", ""    \""type\"": \""node\"","", ""    \""request\"": \""launch\"","", ""    \""name\"": \""ts debug\"","", ""    \""skipFiles\"": [\""<node_internals>/**\""],"", ""    \""program\"": \""${workspaceFolder}/src/index.ts\"","", ""    \""runtimeArgs\"": [\""-r\"", \""ts-node/register\"", \""-r\"", \""tsconfig-paths/register\""],"", ""    \""console\"": \""internalConsole\"""", ""}"", ""// tsconfig.json"", ""{"", ""    \""sourceMap\"": true"", ""}""]",1,127
code,json,"[""// example file"", ""// .vscode/tasks.json"", ""{"", ""\t\""version\"": \""2.0.0\"","", ""\t\""inputs\"": ["", ""\t\t{"", ""\t\t\t\""id\"": \""imageName\"","", ""\t\t\t\""type\"": \""promptString\"","", ""\t\t\t\""description\"": \""Enter the image name\"","", ""\t\t\t\""default\"": \""my-container-image\"""", ""\t\t},"", ""\t],"", ""\t\""tasks\"": ["", ""\t\t{"", ""\t\t\t\""type\"": \""typescript\"","", ""\t\t\t\""tsconfig\"": \""portal/client/tsconfig.json\"","", ""\t\t\t\""problemMatcher\"": ["", ""\t\t\t\t\""$tsc\"""", ""\t\t\t],"", ""\t\t\t\""group\"": \""build\"","", ""\t\t\t\""label\"": \""tsc: build - portal/client/tsconfig.json\"""", ""\t\t},"", ""\t\t{"", ""\t\t\t\""label\"": \""Build Image\"","", ""\t\t\t\""type\"": \""shell\"","", ""\t\t\t\""command\"": \""podman\"","", ""\t\t\t\""args\"": ["", ""\t\t\t\t\""build\"","", ""\t\t\t\t\""-f\"","", ""\t\t\t\t\""${file}\"","", ""\t\t\t\t\""-t\"","", ""\t\t\t\t\""${input:imageName}:${input:imageTag}\"""", ""\t\t\t],"", ""\t\t\t\""group\"": {"", ""\t\t\t\t\""kind\"": \""build\"""", ""\t\t\t}"", ""\t\t}"", ""\t]"", ""}""]",1,128
code,vue,"[""<script setup>"", ""  const classes = ref({"", ""    fadeIn: false,"", ""    fadeOut: false,"", ""  });"", ""  const elem = ref(null);"", ""  const opacityValue = ref(0.0);"", ""  function enter() {"", ""    classes.value.animationPause = true;"", ""    classes.value.fadeOut = false"", ""    opacityValue.value = getCurrentOpacity();;"", ""    classes.value.fadeIn = false;"", ""    classes.value.fadeIn = true;"", ""    classes.value.animationPause = false;"", ""  }"", ""  function leave() {"", ""    classes.value.animationPause = true;"", ""    classes.value.fadeIn = false;"", ""    opacityValue.value = getCurrentOpacity();"", ""    classes.value.fadeOut = false;"", ""    classes.value.fadeOut = true;"", ""    classes.value.animationPause = false;"", ""  }"", ""  function getCurrentOpacity() {"", ""    let elem = elem.value as unknown as HTMLElement;"", ""    let elem_styles = window.getComputedStyle(elem);"", ""    return parseFloat(elem_styles.opacity)"", ""  }"", ""</script>"", ""<template>"", ""  <div"", ""    @mouseenter=\""e => enter()}\"""", ""    @mouseleave=\""e => leave()\"""", ""    :class=\""classes\"""", ""    :ref=\""elem\"""", ""  >"", ""  </div>"", ""</template>"", ""<style>"", ""div {"", ""  opacity: 0;"", ""}"", "".fadeIn {"", ""  animation: fade-in 0.5s;"", ""  animation-fill-mode: forwards;"", ""}"", "".fadeOut {"", ""  animation: fade-out 0.5s;"", ""  animation-fill-mode: forwards;"", ""}"", "".animationPause{"", ""  animation-play-state: paused;"", ""}"", ""@keyframes fade-in {"", ""  from {"", ""    opacity: v-bind(\""opacityValue\"")"", ""  }"", ""  to {"", ""    opacity:1;"", ""  }"", ""}"", ""@keyframes fade-out {"", ""  from {"", ""    opacity: v-bind(\""opacityValue\"");"", ""  }"", ""  to {"", ""    opacity: 0;"", ""  }"", ""}"", ""</style>""]",1,129
text,,"[""label a test, and run all tests with that label""]",1,130
text,,"[""set global python version""]",1,131
text,,"[""some libraries required""]",1,132
text,,"[""steps to install tunnels""]",1,133
text,,"[""using `filter` encapsulates a `position:fixed` object in a block, making its position **relative** to that invisible block, and **not relative to the window**""]",1,13